policy,budget,action_id,count,share_of_actions
score_random,0.01,transmission,30,0.2803738317757009
score_random,0.01,fuel_type,27,0.2523364485981308
score_random,0.01,mileage_km,27,0.2523364485981308
score_random,0.01,feat_body_condition,23,0.21495327102803738
score_random,0.05,feat_body_condition,147,0.27476635514018694
score_random,0.05,mileage_km,134,0.2504672897196262
score_random,0.05,fuel_type,128,0.23925233644859814
score_random,0.05,transmission,126,0.23551401869158878
score_random,0.1,feat_body_condition,281,0.2626168224299065
score_random,0.1,mileage_km,275,0.2570093457943925
score_random,0.1,transmission,259,0.24205607476635513
score_random,0.1,fuel_type,255,0.2383177570093458
score_random,0.2,mileage_km,564,0.2635514018691589
score_random,0.2,feat_body_condition,535,0.25
score_random,0.2,fuel_type,524,0.24485981308411214
score_random,0.2,transmission,517,0.24158878504672898
score_random,0.3,mileage_km,842,0.2623052959501558
score_random,0.3,transmission,805,0.2507788161993769
score_random,0.3,feat_body_condition,798,0.2485981308411215
score_random,0.3,fuel_type,765,0.2383177570093458
score_global_field_prior,0.01,transmission,107,1.0
score_global_field_prior,0.05,transmission,535,1.0
score_global_field_prior,0.1,transmission,1070,1.0
score_global_field_prior,0.2,transmission,2140,1.0
score_global_field_prior,0.3,transmission,3210,1.0
score_uncertainty_only,0.01,transmission,107,1.0
score_uncertainty_only,0.05,transmission,535,1.0
score_uncertainty_only,0.1,transmission,1070,1.0
score_uncertainty_only,0.2,transmission,2140,1.0
score_uncertainty_only,0.3,transmission,3210,1.0
score_disagreement_only,0.01,transmission,107,1.0
score_disagreement_only,0.05,transmission,535,1.0
score_disagreement_only,0.1,transmission,1070,1.0
score_disagreement_only,0.2,transmission,2140,1.0
score_disagreement_only,0.3,transmission,3210,1.0
score_mean_value,0.01,transmission,107,1.0
score_mean_value,0.05,transmission,523,0.9775700934579439
score_mean_value,0.05,fuel_type,12,0.022429906542056073
score_mean_value,0.1,transmission,1043,0.974766355140187
score_mean_value,0.1,fuel_type,26,0.024299065420560748
score_mean_value,0.1,feat_body_condition,1,0.0009345794392523365
score_mean_value,0.2,transmission,1732,0.8093457943925234
score_mean_value,0.2,fuel_type,373,0.17429906542056076
score_mean_value,0.2,feat_body_condition,30,0.014018691588785047
score_mean_value,0.2,mileage_km,5,0.002336448598130841
score_mean_value,0.3,transmission,1967,0.6127725856697819
score_mean_value,0.3,fuel_type,1142,0.3557632398753894
score_mean_value,0.3,feat_body_condition,79,0.024610591900311528
score_mean_value,0.3,mileage_km,22,0.006853582554517134
score_conservative_lower_value,0.01,transmission,102,0.9532710280373832
score_conservative_lower_value,0.01,fuel_type,5,0.04672897196261682
score_conservative_lower_value,0.05,transmission,450,0.8411214953271028
score_conservative_lower_value,0.05,fuel_type,40,0.07476635514018691
score_conservative_lower_value,0.05,feat_body_condition,26,0.048598130841121495
score_conservative_lower_value,0.05,mileage_km,19,0.03551401869158879
score_conservative_lower_value,0.1,transmission,531,0.6075514874141876
score_conservative_lower_value,0.1,mileage_km,218,0.2494279176201373
score_conservative_lower_value,0.1,fuel_type,85,0.09725400457665904
score_conservative_lower_value,0.1,feat_body_condition,40,0.04576659038901602
score_conservative_lower_value,0.2,transmission,531,0.6075514874141876
score_conservative_lower_value,0.2,mileage_km,218,0.2494279176201373
score_conservative_lower_value,0.2,fuel_type,85,0.09725400457665904
score_conservative_lower_value,0.2,feat_body_condition,40,0.04576659038901602
score_conservative_lower_value,0.3,transmission,531,0.6075514874141876
score_conservative_lower_value,0.3,mileage_km,218,0.2494279176201373
score_conservative_lower_value,0.3,fuel_type,85,0.09725400457665904
score_conservative_lower_value,0.3,feat_body_condition,40,0.04576659038901602
diagnostic_oracle_realized_gain,0.01,transmission,96,0.897196261682243
diagnostic_oracle_realized_gain,0.01,fuel_type,10,0.09345794392523364
diagnostic_oracle_realized_gain,0.01,feat_body_condition,1,0.009345794392523364
diagnostic_oracle_realized_gain,0.05,transmission,473,0.8841121495327103
diagnostic_oracle_realized_gain,0.05,fuel_type,52,0.09719626168224299
diagnostic_oracle_realized_gain,0.05,feat_body_condition,10,0.018691588785046728
diagnostic_oracle_realized_gain,0.1,transmission,893,0.8345794392523365
diagnostic_oracle_realized_gain,0.1,fuel_type,138,0.12897196261682242
diagnostic_oracle_realized_gain,0.1,feat_body_condition,38,0.03551401869158879
diagnostic_oracle_realized_gain,0.1,mileage_km,1,0.0009345794392523365
diagnostic_oracle_realized_gain,0.2,transmission,1556,0.7271028037383177
diagnostic_oracle_realized_gain,0.2,fuel_type,471,0.22009345794392524
diagnostic_oracle_realized_gain,0.2,feat_body_condition,107,0.05
diagnostic_oracle_realized_gain,0.2,mileage_km,6,0.002803738317757009
diagnostic_oracle_realized_gain,0.3,transmission,2008,0.6255451713395639
diagnostic_oracle_realized_gain,0.3,fuel_type,874,0.2722741433021807
diagnostic_oracle_realized_gain,0.3,feat_body_condition,314,0.09781931464174455
diagnostic_oracle_realized_gain,0.3,mileage_km,14,0.004361370716510903
