listing_count,action_count,action_rate,before_rmsle,post_rmsle,relative_rmsle_improvement_percent,before_mae_price,post_mae_price,harmful_action_rate,policy,budget,positive_gain_capture
10699,0,0.0,0.3306216941965441,0.3306216941965441,0.0,25623.6945466348,25623.6945466348,,score_no_acquisition,0.01,0.0
10699,0,0.0,0.3306216941965441,0.3306216941965441,0.0,25623.6945466348,25623.6945466348,,score_no_acquisition,0.05,0.0
10699,0,0.0,0.3306216941965441,0.3306216941965441,0.0,25623.6945466348,25623.6945466348,,score_no_acquisition,0.1,0.0
10699,0,0.0,0.3306216941965441,0.3306216941965441,0.0,25623.6945466348,25623.6945466348,,score_no_acquisition,0.2,0.0
10699,0,0.0,0.3306216941965441,0.3306216941965441,0.0,25623.6945466348,25623.6945466348,,score_no_acquisition,0.3,0.0
10699,107,0.0100009346667912,0.3306216941965441,0.3305977191304884,0.0072515102537155,25623.6945466348,25625.895887685765,0.4392523364485981,score_random,0.01,0.0017073390698567
10699,535,0.0500046733339564,0.3306216941965441,0.330585742594967,0.010873939069368,25623.6945466348,25617.48063172837,0.4542056074766355,score_random,0.05,0.0101270450625919
10699,1070,0.1000093466679128,0.3306216941965441,0.3304350021038452,0.0564669820449998,25623.6945466348,25599.135112553937,0.4252336448598131,score_random,0.1,0.0218900788794067
10699,2140,0.2000186933358257,0.3306216941965441,0.3300562784002815,0.171015939421807,25623.6945466348,25566.00802743976,0.4238317757009345,score_random,0.2,0.0456632867821466
10699,3210,0.3000280400037386,0.3306216941965441,0.3298769476912112,0.2252563937592435,25623.6945466348,25529.32026872113,0.4252336448598131,score_random,0.3,0.0721943421376257
10699,107,0.0100009346667912,0.3306216941965441,0.3307269243107289,-0.0318279520164469,25623.6945466348,25626.292068157913,0.6074766355140186,score_global_field_prior,0.01,0.0042085954562631
10699,535,0.0500046733339564,0.3306216941965441,0.3306223218406333,-0.0001898375394654,25623.6945466348,25599.26933127411,0.5345794392523364,score_global_field_prior,0.05,0.0235338275601847
10699,1070,0.1000093466679128,0.3306216941965441,0.3305799254225848,0.0126334038850012,25623.6945466348,25570.795579592443,0.5327102803738317,score_global_field_prior,0.1,0.0485040429606432
10699,2140,0.2000186933358257,0.3306216941965441,0.3303175717647619,0.0919850200759472,25623.6945466348,25483.2942422836,0.5144859813084112,score_global_field_prior,0.2,0.0996393873015785
10699,3210,0.3000280400037386,0.3306216941965441,0.3299763668135548,0.1951860371889565,25623.6945466348,25405.081753361057,0.5049844236760125,score_global_field_prior,0.3,0.1491748232232776
10699,107,0.0100009346667912,0.3306216941965441,0.3304504691200898,0.0517888207155701,25623.6945466348,25521.461064713945,0.2616822429906542,score_uncertainty_only,0.01,0.0300190690446344
10699,535,0.0500046733339564,0.3306216941965441,0.3299102868213237,0.2151726240920666,25623.6945466348,25308.876267914733,0.3271028037383177,score_uncertainty_only,0.05,0.1060406693961426
10699,1070,0.1000093466679128,0.3306216941965441,0.3293196187885699,0.3938263673647881,25623.6945466348,25104.036389978897,0.3551401869158878,score_uncertainty_only,0.1,0.1814250105215175
10699,2140,0.2000186933358257,0.3306216941965441,0.3287809980903595,0.556737848270282,25623.6945466348,24906.7825121752,0.4102803738317757,score_uncertainty_only,0.2,0.2851028647532019
10699,3210,0.3000280400037386,0.3306216941965441,0.3285607136073432,0.6233652011884185,25623.6945466348,24863.99786646591,0.4392523364485981,score_uncertainty_only,0.3,0.3431273358392421
10699,107,0.0100009346667912,0.3306216941965441,0.3304970922481697,0.0376871664991994,25623.6945466348,25614.286549943274,0.5794392523364486,score_disagreement_only,0.01,0.003663598085294
10699,535,0.0500046733339564,0.3306216941965441,0.3303643773338187,0.0778281846721093,25623.6945466348,25571.476549070365,0.5570093457943925,score_disagreement_only,0.05,0.0250249155894697
10699,1070,0.1000093466679128,0.3306216941965441,0.3301801686270466,0.1335440405900813,25623.6945466348,25529.812233851004,0.5214953271028038,score_disagreement_only,0.1,0.0463626985722853
10699,2140,0.2000186933358257,0.3306216941965441,0.3298226288792372,0.2416856883056851,25623.6945466348,25455.60788954573,0.5098130841121495,score_disagreement_only,0.2,0.0930057868313619
10699,3210,0.3000280400037386,0.3306216941965441,0.329757726166202,0.2613161947650215,25623.6945466348,25387.36216467033,0.5087227414330218,score_disagreement_only,0.3,0.1414779633084879
10699,107,0.0100009346667912,0.3306216941965441,0.3301502622250203,0.142589545634433,25623.6945466348,25425.56955481451,0.1214953271028037,score_mean_value,0.01,0.0414540138159102
10699,535,0.0500046733339564,0.3306216941965441,0.3291311093199211,0.4508430338321516,25623.6945466348,24996.08938049625,0.1439252336448598,score_mean_value,0.05,0.142470270741172
10699,1070,0.1000093466679128,0.3306216941965441,0.3282751163721017,0.7097470812206723,25623.6945466348,24701.23345132685,0.1990654205607476,score_mean_value,0.1,0.2284828708669761
10699,2140,0.2000186933358257,0.3306216941965441,0.3269079813359724,1.123251415669058,25623.6945466348,24485.51524054026,0.2775700934579439,score_mean_value,0.2,0.3295472169401411
10699,3210,0.3000280400037386,0.3306216941965441,0.3258204913175632,1.4521741807198925,25623.6945466348,24345.30955174981,0.2909657320872274,score_mean_value,0.3,0.38331330446693
10699,107,0.0100009346667912,0.3306216941965441,0.3301519471113207,0.1420799340965673,25623.6945466348,25428.2647304736,0.1214953271028037,score_conservative_lower_value,0.01,0.0409224932873614
10699,535,0.0500046733339564,0.3306216941965441,0.3290565383542054,0.4733978047454588,25623.6945466348,25041.32209315264,0.1420560747663551,score_conservative_lower_value,0.05,0.1313189809604568
10699,874,0.0816898775586503,0.3306216941965441,0.3287541075981259,0.564871159757564,25623.6945466348,24937.001212199935,0.148741418764302,score_conservative_lower_value,0.1,0.1564088725394453
10699,874,0.0816898775586503,0.3306216941965441,0.3287541075981259,0.564871159757564,25623.6945466348,24937.001212199935,0.148741418764302,score_conservative_lower_value,0.2,0.1564088725394453
10699,874,0.0816898775586503,0.3306216941965441,0.3287541075981259,0.564871159757564,25623.6945466348,24937.001212199935,0.148741418764302,score_conservative_lower_value,0.3,0.1564088725394453
10699,107,0.0100009346667912,0.3306216941965441,0.3299656436982869,0.1984293558991686,25623.6945466348,25345.064012405823,0.0,diagnostic_oracle_realized_gain,0.01,0.0549492380295719
10699,535,0.0500046733339564,0.3306216941965441,0.3280417967190368,0.7803170580735052,25623.6945466348,24610.98717178105,0.0,diagnostic_oracle_realized_gain,0.05,0.1997178763954621
10699,1070,0.1000093466679128,0.3306216941965441,0.3255298984587873,1.5400670394997868,25623.6945466348,23947.43332312464,0.0,diagnostic_oracle_realized_gain,0.1,0.3305785463366005
10699,2140,0.2000186933358257,0.3306216941965441,0.3209502231100964,2.925237894612653,25623.6945466348,23043.479346094293,0.0,diagnostic_oracle_realized_gain,0.2,0.5088489659410841
10699,3210,0.3000280400037386,0.3306216941965441,0.3156714261659528,4.521865410835316,25623.6945466348,22503.35558005372,0.0,diagnostic_oracle_realized_gain,0.3,0.6153677631996914
