n,relative_mae_gain_percent,ci_lower_percent,ci_upper_percent,policy,reference_policy,budget
1267,-0.005705890185953612,-0.02737060266816776,0.00512757594688337,score_no_acquisition,score_uncertainty_only,0.01
1267,0.0002349087298315984,-0.021593545601947817,0.023707946524108146,score_random,score_uncertainty_only,0.01
1267,0.00874422424597803,-0.0183956854224987,0.06278646640131834,score_global_field_prior,score_uncertainty_only,0.01
1267,0.010910724274532482,-0.015076216068542859,0.05990631533335867,score_disagreement_only,score_uncertainty_only,0.01
1267,-0.010892200369896875,-0.21081058703699068,0.16019850409188877,score_mean_value,score_uncertainty_only,0.01
1267,-0.010892200369896875,-0.21081058703699068,0.16019850409188877,score_conservative_lower_value,score_uncertainty_only,0.01
1267,0.17488320996358545,0.05877866666356771,0.4985668890554684,diagnostic_oracle_realized_gain,score_uncertainty_only,0.01
1267,0.007042766553842757,-0.17184020157318605,0.21131197243320707,score_no_acquisition,score_uncertainty_only,0.05
1267,0.020408584969146243,-0.14962937137518373,0.2402906710891506,score_random,score_uncertainty_only,0.05
1267,0.017493618675007337,-0.15043453847143026,0.2269588229038612,score_global_field_prior,score_uncertainty_only,0.05
1267,0.0658769746203958,-0.06637321280971113,0.3143827871238938,score_disagreement_only,score_uncertainty_only,0.05
1267,0.022688399550428916,-0.1043233529699767,0.18691189311333417,score_mean_value,score_uncertainty_only,0.05
1267,0.022688399550428916,-0.1043233529699767,0.18691189311333417,score_conservative_lower_value,score_uncertainty_only,0.05
1267,0.44443004861938723,0.19301470392226486,1.121178798203201,diagnostic_oracle_realized_gain,score_uncertainty_only,0.05
1267,0.0020677908958577225,-0.20144992741278692,0.2192744626118897,score_no_acquisition,score_uncertainty_only,0.1
1267,0.00430958899623552,-0.19416685113907908,0.22674385768347824,score_random,score_uncertainty_only,0.1
1267,0.030636571261190796,-0.14800090335912358,0.270684314748482,score_global_field_prior,score_uncertainty_only,0.1
1267,0.08285296296566955,-0.0560601034114946,0.3561540620446969,score_disagreement_only,score_uncertainty_only,0.1
1267,0.06715551580553904,-0.02600661606825373,0.2608531001829653,score_mean_value,score_uncertainty_only,0.1
1267,0.022856293776241713,-0.07985624893649015,0.15788640131151574,score_conservative_lower_value,score_uncertainty_only,0.1
1267,0.609165800265284,0.27397439250894273,1.4761017852204785,diagnostic_oracle_realized_gain,score_uncertainty_only,0.1
1267,-0.1327457475117146,-0.4905126902006017,0.03903363516575954,score_no_acquisition,score_uncertainty_only,0.2
1267,-0.13263266443676247,-0.4708110115020366,0.023985811340744793,score_random,score_uncertainty_only,0.2
1267,-0.07204670313925424,-0.35627190808055087,0.11283227908419667,score_global_field_prior,score_uncertainty_only,0.2
1267,-0.04508790639518949,-0.26803397556868697,0.11166904241214017,score_disagreement_only,score_uncertainty_only,0.2
1267,-0.03332958847585555,-0.18345839401229547,0.056986289106638895,score_mean_value,score_uncertainty_only,0.2
1267,-0.11192921833549042,-0.33929253800739506,-0.03335281147651867,score_conservative_lower_value,score_uncertainty_only,0.2
1267,0.6867687437347192,0.31150379218674834,1.6388485134322794,diagnostic_oracle_realized_gain,score_uncertainty_only,0.2
1267,-0.13743613760822398,-0.5197785338318412,0.046960803474828214,score_no_acquisition,score_uncertainty_only,0.3
1267,-0.11606148616292845,-0.4639355703690811,0.06227955904977102,score_random,score_uncertainty_only,0.3
1267,-0.04156916351741503,-0.30559165043778375,0.16419999841738486,score_global_field_prior,score_uncertainty_only,0.3
1267,-0.021318528257922274,-0.23795093016102284,0.16636443937193787,score_disagreement_only,score_uncertainty_only,0.3
1267,0.0032682490609733566,-0.07097595709098986,0.08509599893748734,score_mean_value,score_uncertainty_only,0.3
1267,-0.11661863334995683,-0.33050779371576,-0.039422063014538045,score_conservative_lower_value,score_uncertainty_only,0.3
1267,0.8181789591793138,0.373659785406099,1.9295638503856865,diagnostic_oracle_realized_gain,score_uncertainty_only,0.3
